标题,URL
Python爬虫实践入门篇,https://www.jianshu.com/p/e77245177e34
反反爬虫之js加密参数获取,https://www.jianshu.com/p/5c945834270d
数据的存储（一）,https://www.jianshu.com/p/0320c087e480
数据的存储（二）,https://www.jianshu.com/p/a16cf344fa7a
从零开始学爬虫―urllib,https://www.jianshu.com/p/56881b5eba0b
python爬虫系列之数据的存储（二）：csv库的使用,https://www.jianshu.com/p/51211fcdf4b8
自从会了Python之后，我就没用过PS了！带你将照片变成卡通图片！,https://www.jianshu.com/p/d46b2dfba626
pyspider 实战项目之爬取去哪儿,https://www.jianshu.com/p/c70ba728cb36
Python:reduce函数和lambda表达式的学习,https://www.jianshu.com/p/59cab3bbd4e6
python爬虫系列之数据的存储（一）：json库的使用,https://www.jianshu.com/p/0ba2b643c0f2
